2025-06-01,Angry,Red,Felt off today.
2025-06-02,Happy,Yellow,Took time for self-care.
2025-06-03,Sad,Blue,
2025-06-04,Excited,Orange,Had a great conversation.
2025-06-05,Anxious,Purple,Took time for self-care.
2025-06-06,Angry,Red,
2025-06-07,Sad,Blue,Reflecting on changes.
2025-06-08,Excited,Orange,Made good progress on my goals.
2025-06-09,Excited,Orange,
2025-06-10,Relaxed,Green,Enjoyed a calm evening.
2025-06-11,Grateful,Pink,Thankful for my family.
2025-06-12,Happy,Yellow,
2025-06-13,Anxious,Purple,Feeling a bit overwhelmed.
2025-06-14,Sad,Blue,
2025-06-15,Happy,Yellow,Great day at work.
2025-06-16,Relaxed,Green,
2025-06-17,Grateful,Pink,Appreciated a friendâ€™s help.
2025-06-18,Angry,Red,
2025-06-19,Excited,Orange,Looking forward to the weekend.
2025-06-20,Anxious,Purple,
2025-06-21,Sad,Blue,Missing home.
2025-06-22,Happy,Yellow,
2025-06-23,Relaxed,Green,Peaceful morning walk.
2025-06-24,Grateful,Pink,
2025-06-25,Angry,Red,Frustrated with traffic.
2025-06-26,Excited,Orange,
2025-06-27,Sad,Blue,
2025-06-28,Happy,Yellow,Good news received.
2025-06-29,Anxious,Purple,
2025-06-30,Relaxed,Green,Rested well.
2025-07-01,Grateful,Pink,
2025-07-02,Happy,Yellow,Enjoyed time with family.
2025-07-03,Excited,Orange,
2025-07-04,Relaxed,Green,
2025-07-05,Anxious,Purple,Work stress building.
2025-07-06,Angry,Red,
2025-07-07,Sad,Blue,
2025-07-08,Happy,Yellow,
2025-07-09,Grateful,Pink,
2025-07-10,Relaxed,Green,
2025-07-11,Excited,Orange,Had a productive day.
2025-07-12,Anxious,Purple,
2025-07-13,Sad,Blue,
2025-07-14,Happy,Yellow,
2025-07-15,Relaxed,Green,
2025-07-16,Grateful,Pink,
2025-07-17,Angry,Red,
2025-07-18,Excited,Orange,
2025-07-19,Sad,Blue,
2025-07-20,Happy,Yellow,
2025-07-21,Anxious,Purple,
2025-07-22,Relaxed,Green,
2025-07-23,Grateful,Pink,
2025-07-24,Happy,Yellow,
2025-07-25,Excited,Orange,
2025-07-26,goofy,Gray,
2025-07-28,silly,Gray,
2025-08-09,anxious,Purple,
2025-08-30,excited,Orange,
